mathemat,0
theori,1
use,2
number,3
physic,4
scienc,5
one,6
work,7
univers,8
displaystyl,9
equat,10
time,11
theorem,12
also,13
first,14
algebra,15
studi,16
space,17
histori,18
two,19
function,20
new,21
system,22
field,23
quantum,24
geometri,25
set,26
gener,27
problem,28
model,29
develop,30
exampl,31
project,32
solut,33
atom,34
comput,35
differenti,36
class,37
mathematician,38
edit,39
state,40
isbn,41
group,42
would,43
book,44
world,45
research,46
complex,47
pp,48
prime,49
math,50
year,51
form,52
mechan,53
may,54
right,55
origin,56
mani,57
bomb,58
applic,59
differ,60
relat,61
analysi,62
articl,63
question,64
natur,65
properti,66
point,67
doi,68
method,69
american,70
call,71
learn,72
calculu,73
term,74
follow,75
energi,76
like,77
known,78
feynman,79
inform,80
oper,81
archiv,82
retriev,83
see,84
element,85
us,86
probabl,87
result,88
includ,89
life,90
law,91
determin,92
statist,93
nuclear,94
press,95
vector,96
way,97
process,98
object,99
newton,100
content,101
left,102
import,103
integr,104
find,105
logic,106
make,107
could,108
proof,109
measur,110
help,111
topolog,112
search,113
engin,114
structur,115
main,116
publish,117
categori,118
data,119
concept,120
given,121
product,122
centuri,123
continu,124
creat,125
understand,126
particl,127
appli,128
paper,129
statement,130
contribut,131
real,132
scientist,133
manhattan,134
student,135
definit,136
order,137
non,138
solv,139
chang,140
test,141
linear,142
scientif,143
educ,144
made,145
oppenheim,146
philosophi,147
valu,148
read,149
part,150
show,151
principl,152
unit,153
war,154
ring,155
view,156
note,157
describ,158
even,159
john,160
posit,161
later,162
provid,163
experi,164
calcul,165
area,166
matrix,167
get,168
nation,169
line,170
three,171
mean,172
second,173
foundat,174
construct,175
cours,176
game,177
school,178
power,179
base,180
possibl,181
physicist,182
need,183
type,184
born,185
advanc,186
de,187
consid,188
defin,189
addit,190
well,191
graph,192
refer,193
exist,194
design,195
frac,196
modern,197
case,198
howev,199
polici,200
map,201
seri,202
name,203
societi,204
free,205
sinc,206
institut,207
euler,208
ed,209
move,210
prove,211
technolog,212
econom,213
deriv,214
page,215
link,216
public,217
account,218
classic,219
prize,220
fact,221
cambridg,222
take,223
list,224
share,225
found,226
fundament,227
theoret,228
languag,229
requir,230
observ,231
euclidean,232
transform,233
york,234
author,235
idea,236
reason,237
everi,238
peopl,239
formula,240
squar,241
earli,242
site,243
chapter,244
sum,245
anoth,246
program,247
richard,248
close,249
light,250
forc,251
partial,252
commun,253
topic,254
biographi,255
effect,256
pdf,257
infinit,258
factor,259
geometr,260
black,261
person,262
tool,263
complet,264
event,265
social,266
repres,267
wave,268
gauss,269
open,270
rel,271
robert,272
identifiersarticl,273
multipl,274
present,275
lo,276
subject,277
discov,278
discoveri,279
approach,280
discuss,281
june,282
condit,283
axiom,284
sign,285
journal,286
give,287
becam,288
equal,289
write,290
larg,291
von,292
direct,293
august,294
motion,295
explor,296
materi,297
human,298
answer,299
cdot,300
april,301
alamo,302
basic,303
english,304
einstein,305
much,306
variabl,307
galileo,308
contain,309
dynam,310
algorithm,311
dimension,312
day,313
know,314
introduct,315
curv,316
must,317
fermi,318
sourc,319
sequenc,320
interest,321
express,322
becom,323
connect,324
busi,325
limit,326
special,327
start,328
secur,329
hole,330
art,331
al,332
distribut,333
degre,334
juli,335
high,336
electr,337
weapon,338
practic,339
german,340
place,341
privaci,342
mass,343
review,344
finit,345
march,346
nobel,347
lectur,348
laboratori,349
contact,350
rule,351
shift,352
appear,353
collect,354
philosoph,355
numer,356
allow,357
access,358
dirac,359
sever,360
descart,361
correspond,362
electron,363
support,364
angl,365
associ,366
matter,367
section,368
say,369
conjectur,370
bohr,371
end,372
around,373
abstract,374
variou,375
involv,376
root,377
resourc,378
often,379
common,380
pythagora,381
tabl,382
age,383
januari,384
produc,385
last,386
cooki,387
member,388
com,389
chain,390
uranium,391
without,392
intern,393
let,394
teach,395
log,396
path,397
network,398
text,399
zero,400
bullet,401
best,402
explain,403
volum,404
exam,405
triangl,406
role,407
mathbf,408
great,409
knowledg,410
imag,411
famou,412
next,413
formal,414
thu,415
lesson,416
simpl,417
control,418
jame,419
neumann,420
ii,421
top,422
select,423
level,424
greek,425
home,426
letter,427
figur,428
constant,429
surfac,430
discret,431
die,432
live,433
manag,434
play,435
predict,436
string,437
ad,438
initi,439
written,440
back,441
euclid,442
side,443
tutor,444
consist,445
rate,446
springer,447
although,448
hawk,449
long,450
independ,451
think,452
symbol,453
integ,454
interact,455
receiv,456
still,457
current,458
small,459
http,460
govern,461
bibcod,462
look,463
dimens,464
award,465
report,466
word,467
scholar,468
citat,469
tri,470
introduc,471
random,472
pythagorean,473
arithmet,474
septemb,475
translat,476
britannica,477
interpret,478
teacher,479
build,480
radiat,481
pi,482
within,483
challeng,484
feedback,485
center,486
improv,487
whether,488
isaac,489
librari,490
symmetri,491
machin,492
four,493
true,494
thing,495
servic,496
remain,497
suggest,498
ask,499
key,500
cultur,501
women,502
signific,503
period,504
decemb,505
circl,506
googl,507
lead,508
toggl,509
issu,510
chemistri,511
certain,512
thought,513
today,514
noether,515
polit,516
techniqu,517
februari,518
digit,519
video,520
octob,521
critic,522
particular,523
psycholog,524
stochast,525
ancient,526
formul,527
come,528
approxim,529
obtain,530
specif,531
academi,532
death,533
standard,534
establish,535
said,536
electromagnet,537
paul,538
turn,539
go,540
ramanujan,541
represent,542
uncertainti,543
might,544
ident,545
action,546
org,547
invent,548
chao,549
bodi,550
colleg,551
det,552
wikipedia,553
final,554
mari,555
therefor,556
essenti,557
separ,558
manifold,559
hilbert,560
major,561
higher,562
shape,563
earth,564
detail,565
david,566
avail,567
william,568
hiroshima,569
health,570
ideal,571
descript,572
professor,573
maxwel,574
medicin,575
french,576
quantiti,577
concern,578
magnet,579
short,580
success,581
cannot,582
basi,583
polynomi,584
plane,585
similar,586
citi,587
equival,588
version,589
depend,590
grade,591
arxiv,592
oxford,593
organ,594
novemb,595
accept,596
wrote,597
beth,598
menu,599
led,600
travel,601
scale,602
co,603
influenc,604
websit,605
curi,606
exact,607
accord,608
code,609
activ,610
behavior,611
began,612
correct,613
militari,614
sampl,615
commut,616
respect,617
relationship,618
begin,619
histor,620
chicago,621
row,622
stori,623
star,624
plan,625
career,626
vol,627
biolog,628
want,629
never,630
full,631
hypatia,632
act,633
total,634
distanc,635
father,636
date,637
matric,638
london,639
media,640
news,641
music,642
extern,643
encyclopedia,644
extens,645
famili,646
planck,647
onlin,648
man,649
length,650
ai,651
seem,652
georg,653
coordin,654
step,655
postul,656
navig,657
team,658
previou,659
achiev,660
expert,661
momentum,662
omega,663
alway,664
germani,665
combin,666
comment,667
among,668
togeth,669
print,670
analyt,671
offer,672
na,673
due,674
less,675
individu,676
least,677
depart,678
michael,679
presid,680
style,681
other,682
graviti,683
pleas,684
fission,685
divis,686
investig,687
download,688
precis,689
academ,690
der,691
cite,692
good,693
argument,694
featur,695
size,696
impact,697
join,698
propos,699
british,700
alreadi,701
alpha,702
optim,703
phi,704
whose,705
caus,706
futur,707
modul,708
sens,709
variat,710
abl,711
guid,712
rather,713
neutron,714
post,715
elementari,716
pattern,717
committe,718
branch,719
charg,720
equilibrium,721
believ,722
identifi,723
conduct,724
composit,725
intellig,726
decis,727
littl,728
assum,729
perform,730
climat,731
demonstr,732
heisenberg,733
offic,734
japan,735
invers,736
notion,737
infin,738
et,739
editor,740
add,741
ratio,742
faraday,743
bc,744
axiomat,745
experiment,746
potenti,747
conserv,748
interview,749
galoi,750
astronomi,751
fluid,752
notat,753
fourier,754
singl,755
hat,756
hand,757
respons,758
brows,759
grove,760
rangl,761
diagram,762
via,763
domain,764
royal,765
mind,766
instanc,767
actual,768
reaction,769
stephen,770
meitner,771
third,772
ch,773
fibonacci,774
wide,775
evid,776
compani,777
though,778
month,779
local,780
uniqu,781
increas,782
carl,783
outcom,784
effort,785
came,786
szilard,787
regard,788
attempt,789
gravit,790
occur,791
int,792
princeton,793
agre,794
pure,795
along,796
proposit,797
visual,798
email,799
reactor,800
took,801
industri,802
denot,803
big,804
homolog,805
far,806
submit,807
yet,808
albert,809
return,810
insight,811
extend,812
index,813
updat,814
pass,815
frequenc,816
choic,817
visit,818
niel,819
instead,820
either,821
plutonium,822
plant,823
clear,824
berlin,825
textbook,826
armi,827
almost,828
assist,829
japanes,830
save,831
diseas,832
oclc,833
subscrib,834
rang,835
check,836
kind,837
sphere,838
market,839
self,840
compon,841
satisfi,842
analyz,843
geographi,844
speed,845
deal,846
psi,847
record,848
commiss,849
put,850
central,851
np,852
orbit,853
neg,854
subset,855
remark,856
parallel,857
rotat,858
henc,859
anim,860
astronom,861
radioact,862
www,863
indian,864
hide,865
induct,866
popular,867
copi,868
tensor,869
literatur,870
flow,871
hous,872
enrico,873
phenomena,874
whole,875
sigma,876
aspect,877
meet,878
nagasaki,879
board,880
germain,881
locat,882
global,883
indic,884
went,885
sidebar,886
framework,887
thoma,888
soviet,889
popul,890
issn,891
someth,892
altern,893
old,894
blog,895
credit,896
functor,897
beyond,898
head,899
truth,900
sin,901
estim,902
necessari,903
tesla,904
facebook,905
claim,906
recent,907
friend,908
gave,909
skip,910
five,911
normal,912
upon,913
veloc,914
graduat,915
hypothesi,916
collabor,917
amount,918
mindtouch,919
deki,920
technic,921
user,922
usual,923
skill,924
ever,925
effici,926
mark,927
fall,928
multipli,929
consequ,930
explan,931
hold,932
expect,933
isomorph,934
delta,935
progress,936
recommend,937
argu,938
han,939
woman,940
reflect,941
context,942
mathbb,943
environ,944
italian,945
compar,946
secret,947
timelin,948
curvatur,949
difficult,950
alexandria,951
washington,952
wayback,953
subsect,954
langl,955
notic,956
california,957
entir,958
charl,959
strategi,960
legaci,961
pair,962
column,963
titl,964
serv,965
mr,966
purpos,967
lie,968
advertis,969
ray,970
toward,971
proceed,972
region,973
rutherford,974
ration,975
fraction,976
spacetim,977
air,978
train,979
henri,980
medic,981
drop,982
fix,983
singular,984
infti,985
director,986
across,987
app,988
sometim,989
seen,990
friedrich,991
boundari,992
doctor,993
union,994
better,995
copyright,996
water,997
divid,998
max,999
quadrat,1000
homotopi,1001
player,1002
st,1003
leav,1004
mock,1005
price,1006
devic,1007
cover,1008
paramet,1009
theorist,1010
confer,1011
ordinari,1012
care,1013
taken,1014
edward,1015
target,1016
mu,1017
particularli,1018
medal,1019
young,1020
invari,1021
rigor,1022
exchang,1023
jee,1024
shown,1025
la,1026
expand,1027
edg,1028
twitter,1029
done,1030
eventu,1031
error,1032
situat,1033
profession,1034
inc,1035
simpli,1036
enough,1037
phase,1038
attribut,1039
late,1040
coeffici,1041
russian,1042
sun,1043
tradit,1044
exactli,1045
scalar,1046
half,1047
reduc,1048
assumpt,1049
perspect,1050
overview,1051
park,1052
solid,1053
distinct,1054
india,1055
employ,1056
million,1057
earlier,1058
greatest,1059
densiti,1060
count,1061
enabl,1062
jan,1063
joseph,1064
stack,1065
strong,1066
accur,1067
hyperbol,1068
summari,1069
impli,1070
ethic,1071
explos,1072
happen,1073
thermodynam,1074
dot,1075
file,1076
carri,1077
greater,1078
arab,1079
crucial,1080
peter,1081
mention,1082
van,1083
leibniz,1084
sqrt,1085
exponenti,1086
pictur,1087
despit,1088
leonhard,1089
enter,1090
unknown,1091
address,1092
entri,1093
entropi,1094
near,1095
chemic,1096
click,1097
straight,1098
soon,1099
innov,1100
middl,1101
examin,1102
emerg,1103
exercis,1104
ensur,1105
abelian,1106
regist,1107
acceler,1108
job,1109
color,1110
smooth,1111
oak,1112
artifici,1113
especi,1114
signal,1115
triniti,1116
throughout,1117
administr,1118
magazin,1119
built,1120
reach,1121
assign,1122
proport,1123
quizz,1124
varphi,1125
except,1126
face,1127
regular,1128
chines,1129
tech,1130
licens,1131
illustr,1132
heat,1133
easi,1134
children,1135
riemann,1136
realiti,1137
gain,1138
graphic,1139
civil,1140
preserv,1141
affect,1142
pierr,1143
film,1144
empir,1145
abil,1146
optic,1147
son,1148
ground,1149
offici,1150
everyth,1151
sophi,1152
mobil,1153
prep,1154
tree,1155
document,1156
decid,1157
america,1158
lab,1159
valid,1160
ridg,1161
prepar,1162
revis,1163
telescop,1164
sir,1165
roman,1166
morphism,1167
fast,1168
femal,1169
inspir,1170
realli,1171
characterist,1172
past,1173
linkedin,1174
environment,1175
immedi,1176
wikimedia,1177
appropri,1178
absolut,1179
growth,1180
vertic,1181
moon,1182
nabla,1183
login,1184
yield,1185
nasa,1186
conclus,1187
colleagu,1188
keep,1189
recogn,1190
bound,1191
core,1192
clerk,1193
evolut,1194
christian,1195
behind,1196
european,1197
cryptographi,1198
infect,1199
franc,1200
simul,1201
religion,1202
risk,1203
emmi,1204
planet,1205
averag,1206
göttingen,1207
etc,1208
opposit,1209
releas,1210
six,1211
softwar,1212
perfect,1213
talk,1214
stage,1215
arriv,1216
ab,1217
protect,1218
financi,1219
converg,1220
classifi,1221
lagrang,1222
white,1223
paradox,1224
metric,1225
harmon,1226
facil,1227
temperatur,1228
instrument,1229
ernest,1230
certif,1231
textstyl,1232
qft,1233
imposs,1234
character,1235
replac,1236
intersect,1237
beta,1238
rest,1239
revolut,1240
realiz,1241
nucleu,1242
convers,1243
inde,1244
extrem,1245
tell,1246
financ,1247
quit,1248
jstor,1249
sep,1250
hahn,1251
survey,1252
earn,1253
historian,1254
latin,1255
europ,1256
treatment,1257
reli,1258
per,1259
newslett,1260
background,1261
fermat,1262
format,1263
district,1264
chaotic,1265
restrict,1266
operatornam,1267
nonlinear,1268
typic,1269
directli,1270
andrew,1271
min,1272
cancel,1273
notabl,1274
reserv,1275
brief,1276
mission,1277
relev,1278
babylonian,1279
held,1280
beauti,1281
green,1282
intuit,1283
bce,1284
jone,1285
item,1286
draw,1287
countri,1288
centr,1289
schrödinger,1290
ultim,1291
lawrenc,1292
truman,1293
thank,1294
quot,1295
minim,1296
inequ,1297
moment,1298
odd,1299
geniu,1300
hydrogen,1301
bring,1302
money,1303
highli,1304
away,1305
larger,1306
taught,1307
privat,1308
dx,1309
birth,1310
fund,1311
reveal,1312
creativ,1313
detect,1314
berkeley,1315
compact,1316
eigenvalu,1317
pioneer,1318
charact,1319
hour,1320
week,1321
consider,1322
suffici,1323
cross,1324
dualiti,1325
decad,1326
electrodynam,1327
stand,1328
rise,1329
lost,1330
behaviour,1331
focu,1332
egyptian,1333
en,1334
spectral,1335
focus,1336
spread,1337
cost,1338
reader,1339
decim,1340
perhap,1341
weight,1342
sound,1343
earliest,1344
exhibit,1345
się,1346
circuit,1347
rightarrow,1348
primari,1349
tuition,1350
hanford,1351
manual,1352
infinitesim,1353
pari,1354
ellipt,1355
evalu,1356
hbar,1357
weather,1358
molecul,1359
subsequ,1360
met,1361
mexico,1362
cone,1363
fractal,1364
thesi,1365
deep,1366
ten,1367
wiley,1368
land,1369
ga,1370
fail,1371
amazon,1372
perturb,1373
doubl,1374
hall,1375
ball,1376
hard,1377
anderson,1378
spheric,1379
master,1380
theta,1381
conclud,1382
gold,1383
island,1384
accomplish,1385
contemporari,1386
low,1387
analog,1388
oscil,1389
cosmolog,1390
museum,1391
classif,1392
attend,1393
child,1394
ago,1395
deduct,1396
sensit,1397
spring,1398
outsid,1399
piec,1400
mother,1401
western,1402
lack,1403
roger,1404
england,1405
store,1406
filter,1407
balanc,1408
staff,1409
simplifi,1410
shuttl,1411
changesupload,1412
task,1413
cubic,1414
martin,1415
assess,1416
understood,1417
cycl,1418
principia,1419
suppos,1420
display,1421
photon,1422
appoint,1423
cardin,1424
rho,1425
infecti,1426
aim,1427
aid,1428
und,1429
faq,1430
itali,1431
stanford,1432
goal,1433
request,1434
run,1435
hope,1436
simultan,1437
lub,1438
procedur,1439
dictionari,1440
spent,1441
disciplin,1442
solar,1443
break,1444
collaps,1445
archimed,1446
weak,1447
insid,1448
intellectu,1449
attack,1450
treat,1451
gamma,1452
implic,1453
attent,1454
unlock,1455
honor,1456
imagin,1457
essay,1458
difficulti,1459
varieti,1460
motiv,1461
boltzmann,1462
memori,1463
exclus,1464
fellow,1465
peac,1466
rais,1467
jean,1468
rememb,1469
spectrum,1470
trigonometri,1471
web,1472
got,1473
orient,1474
god,1475
boyer,1476
entiti,1477
uk,1478
scatter,1479
bernoulli,1480
arthur,1481
smaller,1482
debat,1483
architectur,1484
diffus,1485
brought,1486
leo,1487
win,1488
remov,1489
avoid,1490
daili,1491
kid,1492
choos,1493
load,1494
underli,1495
ac,1496
dr,1497
jump,1498
north,1499
greec,1500
mid,1501
enrich,1502
syllabu,1503
wilhelm,1504
verifi,1505
distinguish,1506
loui,1507
internet,1508
segment,1509
longer,1510
continuum,1511
safeti,1512
mathfrak,1513
knew,1514
leader,1515
hear,1516
le,1517
treatis,1518
johann,1519
feel,1520
youtub,1521
teller,1522
largest,1523
cut,1524
harri,1525
noth,1526
similarli,1527
combinator,1528
enhanc,1529
pressur,1530
saw,1531
split,1532
pmid,1533
radiu,1534
influenti,1535
vari,1536
speak,1537
ph,1538
permut,1539
corpor,1540
sci,1541
custom,1542
benefit,1543
marri,1544
imaginari,1545
axi,1546
bridg,1547
transmiss,1548
util,1549
latest,1550
statu,1551
arrang,1552
interv,1553
homomorph,1554
undergradu,1555
maria,1556
boy,1557
iii,1558
reject,1559
symmetr,1560
cancer,1561
appl,1562
rank,1563
deliv,1564
wife,1565
foreign,1566
taylor,1567
resolut,1568
encyclopaedia,1569
mit,1570
complic,1571
colour,1572
fals,1573
movement,1574
otim,1575
alli,1576
seven,1577
sure,1578
cartesian,1579
alexand,1580
poland,1581
maintain,1582
gaug,1583
circ,1584
decay,1585
qualiti,1586
grow,1587
coin,1588
aris,1589
mathematica,1590
diagon,1591
lise,1592
nazi,1593
isotop,1594
battl,1595
summer,1596
logarithm,1597
dover,1598
declar,1599
quotient,1600
celebr,1601
anyth,1602
african,1603
phd,1604
maximum,1605
told,1606
frequent,1607
nurs,1608
binari,1609
flat,1610
appar,1611
smith,1612
lower,1613
confirm,1614
rené,1615
categor,1616
defens,1617
columbia,1618
cold,1619
tau,1620
simeq,1621
bird,1622
launch,1623
sent,1624
thousand,1625
joint,1626
relativist,1627
china,1628
magnitud,1629
repli,1630
spin,1631
belief,1632
lemma,1633
golden,1634
geomet,1635
disclaim,1636
input,1637
substitut,1638
photograph,1639
otto,1640
equip,1641
fit,1642
trend,1643
parti,1644
jewish,1645
estat,1646
secondari,1647
ia,1648
readeditview,1649
surviv,1650
hardi,1651
roosevelt,1652
box,1653
evolv,1654
love,1655
arbitrari,1656
edu,1657
commonli,1658
concret,1659
quickli,1660
radic,1661
transit,1662
array,1663
speech,1664
ferguson,1665
minut,1666
controversi,1667
partner,1668
usa,1669
excel,1670
expans,1671
cooper,1672
wilson,1673
trademark,1674
simon,1675
surrend,1676
mathrm,1677
unsolv,1678
stay,1679
lot,1680
contradict,1681
specifi,1682
proper,1683
harvard,1684
reprint,1685
horizon,1686
spiral,1687
def,1688
easili,1689
puzzl,1690
stem,1691
nearli,1692
assembl,1693
creation,1694
leq,1695
epidem,1696
ebook,1697
egypt,1698
send,1699
literari,1700
manipul,1701
sort,1702
fire,1703
poincaré,1704
anti,1705
dec,1706
hidden,1707
radio,1708
engag,1709
conflict,1710
spatial,1711
galilei,1712
neural,1713
profil,1714
buy,1715
comprehens,1716
elect,1717
track,1718
verlag,1719
daniel,1720
kill,1721
daughter,1722
stop,1723
agreement,1724
vs,1725
lesli,1726
arrow,1727
trial,1728
biograph,1729
contrast,1730
profit,1731
wrong,1732
maxim,1733
quick,1734
divers,1735
men,1736
highlight,1737
net,1738
portal,1739
walk,1740
sport,1741
export,1742
south,1743
transport,1744
inner,1745
brown,1746
apr,1747
cbse,1748
grant,1749
polish,1750
resolv,1751
previous,1752
cell,1753
systemat,1754
chanc,1755
manuscript,1756
red,1757
canon,1758
suppli,1759
brilliant,1760
arm,1761
cantor,1762
hundr,1763
attract,1764
mirror,1765
option,1766
ship,1767
quiz,1768
prefer,1769
admit,1770
writer,1771
pre,1772
lagrangian,1773
sustain,1774
clearli,1775
necessarili,1776
isol,1777
molecular,1778
id,1779
grammar,1780
polygon,1781
religi,1782
particip,1783
watch,1784
transfer,1785
convex,1786
emphas,1787
church,1788
sister,1789
manner,1790
loss,1791
economi,1792
ldot,1793
tangent,1794
databas,1795
gaussian,1796
fourth,1797
hill,1798
former,1799
geq,1800
exp,1801
subscript,1802
homogen,1803
lambda,1804
minimum,1805
implement,1806
implos,1807
pile,1808
bar,1809
extra,1810
fuel,1811
srinivasa,1812
diverg,1813
hewlett,1814
prevent,1815
incorpor,1816
th,1817
inventor,1818
opportun,1819
mix,1820
commentari,1821
ap,1822
assert,1823
cognit,1824
fulli,1825
vote,1826
escap,1827
deton,1828
forward,1829
trigonometr,1830
proven,1831
command,1832
congress,1833
stress,1834
subspac,1835
sale,1836
islam,1837
scholarship,1838
cornel,1839
everyday,1840
propag,1841
mile,1842
emit,1843
coupl,1844
norm,1845
flashcard,1846
ncert,1847
epidemiolog,1848
goe,1849
trace,1850
induc,1851
virtual,1852
belong,1853
cohomolog,1854
card,1855
compton,1856
destruct,1857
nn,1858
patent,1859
honour,1860
tag,1861
cloud,1862
output,1863
princip,1864
neither,1865
trajectori,1866
announc,1867
king,1868
moreov,1869
chosen,1870
fascin,1871
chief,1872
marshal,1873
surround,1874
west,1875
unlik,1876
davi,1877
highest,1878
compound,1879
atmospher,1880
gödel,1881
aristotl,1882
ca,1883
hamiltonian,1884
parent,1885
clock,1886
personnel,1887
vaccin,1888
era,1889
opinion,1890
copenhagen,1891
prior,1892
resist,1893
determinist,1894
combinatori,1895
adopt,1896
sentenc,1897
ibn,1898
ensembl,1899
ill,1900
failur,1901
minor,1902
modular,1903
frank,1904
lee,1905
irrat,1906
varepsilon,1907
nikola,1908
slow,1909
forum,1910
mysteri,1911
israel,1912
convent,1913
strateg,1914
encrypt,1915
crossref,1916
radium,1917
hom,1918
intens,1919
block,1920
trust,1921
latter,1922
conic,1923
fiction,1924
wherea,1925
fear,1926
phenomenon,1927
annal,1928
competit,1929
familiar,1930
legal,1931
fill,1932
doubt,1933
tax,1934
adjoint,1935
strang,1936
demand,1937
cauchi,1938
werner,1939
republ,1940
bit,1941
uniform,1942
laureat,1943
exterior,1944
canadian,1945
concentr,1946
inject,1947
treści,1948
rome,1949
bundl,1950
wheeler,1951
disast,1952
ignor,1953
certainli,1954
johnson,1955
awar,1956
spanish,1957
drawn,1958
countabl,1959
gap,1960
blue,1961
heavi,1962
platform,1963
brother,1964
encourag,1965
modifi,1966
agent,1967
els,1968
otherwis,1969
button,1970
curriculum,1971
room,1972
constitut,1973
outlin,1974
profound,1975
journey,1976
monthli,1977
pascal,1978
thomson,1979
silver,1980
instagram,1981
conceptu,1982
desir,1983
divisor,1984
recognit,1985
founder,1986
capabl,1987
recreat,1988
destroy,1989
compass,1990
intend,1991
badg,1992
score,1993
advantag,1994
di,1995
repeat,1996
eigenvector,1997
wigner,1998
qed,1999
programm,2000
arithmetica,2001
faculti,2002
affair,2003
im,2004
editori,2005
revers,2006
heritag,2007
tutori,2008
nonumb,2009
phillip,2010
worker,2011
premium,2012
acknowledg,2013
dark,2014
fifth,2015
franklin,2016
utc,2017
tour,2018
platon,2019
bank,2020
angular,2021
match,2022
workshop,2023
bush,2024
calendar,2025
brain,2026
embed,2027
info,2028
contract,2029
quantifi,2030
east,2031
flight,2032
photo,2033
pauli,2034
millennium,2035
lewin,2036
race,2037
nevertheless,2038
recurs,2039
road,2040
diophantu,2041
rr,2042
elast,2043
suffer,2044
feed,2045
convinc,2046
lattic,2047
beam,2048
window,2049
analys,2050
url,2051
felt,2052
deeper,2053
subtract,2054
apart,2055
cube,2056
cosmic,2057
magic,2058
newtonian,2059
invest,2060
mode,2061
execut,2062
roll,2063
plato,2064
captur,2065
accuraci,2066
drive,2067
galaxi,2068
twentieth,2069
implicit,2070
sociolog,2071
pursu,2072
deviat,2073
riemannian,2074
infer,2075
empti,2076
analyst,2077
barrier,2078
ann,2079
mod,2080
tex,2081
civilian,2082
annual,2083
metal,2084
gov,2085
convert,2086
franci,2087
metaphys,2088
invit,2089
gate,2090
width,2091
extract,2092
front,2093
xx,2094
inclus,2095
mail,2096
spell,2097
enrol,2098
shorten,2099
eight,2100
homework,2101
purchas,2102
gase,2103
compos,2104
aug,2105
talent,2106
domin,2107
miss,2108
ergod,2109
qr,2110
possess,2111
eugen,2112
reduct,2113
artist,2114
bibliographi,2115
invas,2116
walter,2117
podcast,2118
incomplet,2119
moral,2120
semant,2121
rss,2122
frame,2123
faster,2124
smallest,2125
clinic,2126
rhode,2127
lean,2128
pubm,2129
liquid,2130
impress,2131
promin,2132
britain,2133
stoke,2134
overal,2135
ye,2136
russel,2137
noncommut,2138
quantiz,2139
eye,2140
secreci,2141
orthogon,2142
caltech,2143
novel,2144
reliabl,2145
conform,2146
surpris,2147
poisson,2148
astrophys,2149
cat,2150
consent,2151
peano,2152
commit,2153
amplitud,2154
correl,2155
primarili,2156
decomposit,2157
wise,2158
libretext,2159
studysmart,2160
upgrad,2161
karl,2162
tower,2163
unifi,2164
mar,2165
klein,2166
comparison,2167
span,2168
stabl,2169
mathcal,2170
partit,2171
prop,2172
ln,2173
companion,2174
promot,2175
kingdom,2176
conceiv,2177
bell,2178
bnf,2179
markov,2180
robot,2181
vanish,2182
pl,2183
warn,2184
campu,2185
secretari,2186
sweden,2187
quantit,2188
massachusett,2189
russia,2190
stationari,2191
jun,2192
dc,2193
adam,2194
burn,2195
street,2196
alon,2197
zeta,2198
vibrat,2199
dual,2200
oppos,2201
mutual,2202
lebesgu,2203
przez,2204
jr,2205
abi,2206
steven,2207
mental,2208
elimin,2209
mere,2210
recal,2211
massiv,2212
covid,2213
rout,2214
hermann,2215
laid,2216
devot,2217
messag,2218
reciproc,2219
explicit,2220
interior,2221
aa,2222
someon,2223
aircraft,2224
trivial,2225
realm,2226
thermal,2227
pacif,2228
communist,2229
harmoni,2230
dutch,2231
downarrow,2232
nine,2233
intrins,2234
knot,2235
worldwid,2236
court,2237
kurt,2238
wonder,2239
circular,2240
subgroup,2241
frisch,2242
kepler,2243
primit,2244
gift,2245
enjoy,2246
explicitli,2247
anyon,2248
instruct,2249
appreci,2250
cylind,2251
harrison,2252
economist,2253
neet,2254
node,2255
succeed,2256
laplac,2257
strength,2258
danish,2259
suitabl,2260
canada,2261
bbc,2262
sharealik,2263
overflow,2264
bronz,2265
voic,2266
height,2267
schedul,2268
chord,2269
colon,2270
ptolemi,2271
linguist,2272
upper,2273
girl,2274
hererel,2275
linkpag,2276
breakthrough,2277
shortli,2278
bachelor,2279
gribbin,2280
tip,2281
vertex,2282
gregori,2283
wedg,2284
pappu,2285
hookrightarrow,2286
discrep,2287
pagesperman,2288
urldownload,2289
christoph,2290
chair,2291
stabil,2292
ml,2293
ordin,2294
handl,2295
hospit,2296
behav,2297
password,2298
quad,2299
mediev,2300
sine,2301
rectangl,2302
reklam,2303
ff,2304
vast,2305
proton,2306
freedom,2307
pdfprintabl,2308
feder,2309
adapt,2310
petersburg,2311
lay,2312
significantli,2313
seek,2314
javascript,2315
ny,2316
graphit,2317
advis,2318
summar,2319
vision,2320
filespeci,2321
informationcit,2322
pageget,2323
codewikidata,2324
iv,2325
vital,2326
night,2327
netherland,2328
basel,2329
chat,2330
plot,2331
consult,2332
configur,2333
soc,2334
kinet,2335
po,2336
coloneqq,2337
mla,2338
classroom,2339
furthermor,2340
polar,2341
boson,2342
od,2343
cheat,2344
galleri,2345
entertain,2346
contributor,2347
contributionstalk,2348
town,2349
binomi,2350
gray,2351
archaeolog,2352
oldest,2353
wait,2354
grand,2355
affili,2356
safe,2357
substanc,2358
invert,2359
revolutionari,2360
complement,2361
clearanc,2362
greatli,2363
permiss,2364
pagecontentscurr,2365
eventsrandom,2366
articleabout,2367
wikipediacontact,2368
usdon,2369
helplearn,2370
editcommun,2371
portalrec,2372
tripl,2373
excit,2374
damag,2375
terminolog,2376
loop,2377
florenc,2378
fun,2379
jak,2380
fat,2381
da,2382
delay,2383
declin,2384
wall,2385
bang,2386
boolean,2387
quasi,2388
scenario,2389
microscop,2390
accid,2391
decreas,2392
pmc,2393
nie,2394
incid,2395
oplu,2396
mathsncert,2397
session,2398
rocket,2399
circumfer,2400
articletalk,2401
approv,2402
mostli,2403
wish,2404
boston,2405
cc,2406
negat,2407
alfr,2408
plu,2409
pilot,2410
refresh,2411
swiss,2412
kept,2413
roughli,2414
wast,2415
none,2416
constraint,2417
ontolog,2418
leadership,2419
readi,2420
robertson,2421
passion,2422
ce,2423
sharma,2424
hypotenus,2425
landscap,2426
descriptionshort,2427
screen,2428
strongli,2429
methodolog,2430
resid,2431
forecast,2432
tube,2433
sime,2434
tild,2435
danger,2436
geolog,2437
closer,2438
solvabl,2439
sought,2440
carlo,2441
czech,2442
huge,2443
epistemolog,2444
valuabl,2445
macro,2446
diophantin,2447
diamet,2448
nuclei,2449
groundbreak,2450
cup,2451
apa,2452
council,2453
heart,2454
fuch,2455
sector,2456
compress,2457
donat,2458
tfrac,2459
banach,2460
doe,2461
browser,2462
rd,2463
trade,2464
bombard,2465
pose,2466
campaign,2467
unusu,2468
winner,2469
heard,2470
motor,2471
absorb,2472
programsjava,2473
suscept,2474
kernel,2475
sm,2476
pm,2477
celesti,2478
enorm,2479
scott,2480
closur,2481
navi,2482
agenc,2483
manufactur,2484
delv,2485
html,2486
isabel,2487
hindu,2488
sciencencert,2489
coach,2490
hungarian,2491
refus,2492
depict,2493
lifetim,2494
notebook,2495
realist,2496
presenc,2497
pisa,2498
mactutor,2499
cosin,2500
gleick,2501
everyon,2502
bulletin,2503
dedic,2504
iter,2505
onto,2506
pay,2507
substanti,2508
florida,2509
simplic,2510
feb,2511
capit,2512
probabilist,2513
shop,2514
glossari,2515
watt,2516
schwinger,2517
varianc,2518
broad,2519
si,2520
wire,2521
unabl,2522
cohen,2523
uniti,2524
instructor,2525
vacuum,2526
clay,2527
dla,2528
hoddeson,2529
tennesse,2530
tablet,2531
encount,2532
apolloniu,2533
candid,2534
scope,2535
sea,2536
transact,2537
nonzero,2538
informacj,2539
del,2540
thale,2541
tab,2542
eric,2543
reconstruct,2544
meant,2545
cathol,2546
river,2547
consum,2548
margin,2549
rev,2550
obviou,2551
tend,2552
label,2553
fluctuat,2554
renorm,2555
documentari,2556
guidelin,2557
danych,2558
icon,2559
ulam,2560
draft,2561
preced,2562
regul,2563
somewhat,2564
sky,2565
vice,2566
penros,2567
nice,2568
advoc,2569
intric,2570
unitari,2571
victor,2572
employe,2573
dt,2574
khwarizmi,2575
kenneth,2576
tune,2577
sde,2578
nm,2579
conant,2580
lifestyl,2581
ton,2582
wolfgang,2583
heinrich,2584
memoir,2585
preview,2586
bottom,2587
easier,2588
fair,2589
condens,2590
childhood,2591
depth,2592
car,2593
intervent,2594
driven,2595
epsilon,2596
gibb,2597
samo,2598
threat,2599
wiki,2600
adult,2601
truli,2602
stock,2603
expos,2604
confus,2605
mountain,2606
discours,2607
samuel,2608
rare,2609
deni,2610
unsourc,2611
reset,2612
inertia,2613
increasingli,2614
dick,2615
am,2616
attractor,2617
shell,2618
upsc,2619
gun,2620
recruit,2621
mainli,2622
movi,2623
stuff,2624
chronolog,2625
renown,2626
twice,2627
compil,2628
pendulum,2629
hot,2630
sa,2631
forev,2632
renaiss,2633
render,2634
sherwin,2635
python,2636
lewi,2637
advisori,2638
ocean,2639
lorenz,2640
seller,2641
bear,2642
verifiedcit,2643
channel,2644
marriag,2645
perpendicular,2646
portion,2647
mathematisch,2648
curios,2649
liber,2650
templat,2651
theolog,2652
anthropolog,2653
planetari,2654
nu,2655
hol,2656
courtesi,2657
simpler,2658
weber,2659
slightli,2660
ernst,2661
über,2662
swedish,2663
elsevi,2664
amsterdam,2665
violat,2666
weyl,2667
permit,2668
guess,2669
sell,2670
covari,2671
senior,2672
hermitian,2673
rene,2674
cool,2675
factual,2676
glass,2677
alan,2678
corp,2679
signatur,2680
husband,2681
acquir,2682
disput,2683
asymptot,2684
lose,2685
indefinit,2686
symplect,2687
nov,2688
remaind,2689
wavelength,2690
antiqu,2691
counter,2692
maa,2693
registr,2694
incred,2695
occupi,2696
anniversari,2697
conveni,2698
spirit,2699
recov,2700
favor,2701
pick,2702
bill,2703
super,2704
dream,2705
prison,2706
collis,2707
philip,2708
singh,2709
billion,2710
pivot,2711
pai,2712
inscrib,2713
dp,2714
promis,2715
struggl,2716
oral,2717
inquiri,2718
rapidli,2719
heath,2720
hamilton,2721
edinburgh,2722
heavili,2723
refin,2724
smart,2725
sat,2726
keyword,2727
chemist,2728
englishncert,2729
conjug,2730
gaseou,2731
sub,2732
fossil,2733
devis,2734
benjamin,2735
paint,2736
exhaust,2737
visitor,2738
dead,2739
deepli,2740
disk,2741
commerci,2742
frederick,2743
jacob,2744
coincid,2745
emiss,2746
surgeri,2747
statistician,2748
gottfri,2749
cap,2750
biject,2751
transpos,2752
dy,2753
siev,2754
signup,2755
organis,2756
soul,2757
slope,2758
phone,2759
abraham,2760
specul,2761
episod,2762
switch,2763
java,2764
crime,2765
asian,2766
audienc,2767
push,2768
tini,2769
physiolog,2770
nichol,2771
drake,2772
syllabusje,2773
cart,2774
deutsch,2775
appendix,2776
theon,2777
glenn,2778
affin,2779
handbook,2780
du,2781
saint,2782
grothendieck,2783
sophist,2784
perfectli,2785
citizen,2786
tank,2787
nash,2788
food,2789
franck,2790
firm,2791
rsa,2792
coq,2793
espionag,2794
everywher,2795
weekli,2796
arc,2797
observatori,2798
newli,2799
extent,2800
agricultur,2801
venu,2802
eleg,2803
twenti,2804
alert,2805
interfer,2806
expon,2807
resembl,2808
shortest,2809
cyril,2810
foil,2811
mogą,2812
shock,2813
wit,2814
satellit,2815
prioriti,2816
simplest,2817
finish,2818
geodes,2819
donald,2820
gradient,2821
leverag,2822
miller,2823
wind,2824
linearli,2825
deform,2826
zł,2827
lorentz,2828
brahmagupta,2829
blast,2830
capac,2831
slit,2832
fame,2833
dismiss,2834
quaternion,2835
horizont,2836
imperi,2837
hypothes,2838
appeal,2839
realism,2840
lift,2841
brogli,2842
corner,2843
partnerów,2844
wood,2845
spend,2846
facilit,2847
foot,2848
austrian,2849
multi,2850
percept,2851
displac,2852
inher,2853
unfortun,2854
feet,2855
sheet,2856
geiger,2857
vec,2858
eta,2859
seaborg,2860
medium,2861
marbl,2862
mersenn,2863
pop,2864
morn,2865
plate,2866
introductori,2867
ada,2868
defend,2869
lord,2870
triangular,2871
klau,2872
roy,2873
worth,2874
intermedi,2875
thinker,2876
therapi,2877
healthcar,2878
brane,2879
respond,2880
monitor,2881
vehicl,2882
fellowship,2883
prompt,2884
gay,2885
papyru,2886
wartim,2887
transcript,2888
tr,2889
explod,2890
urban,2891
metamath,2892
hit,2893
besid,2894
eastern,2895
modulo,2896
supplement,2897
harold,2898
ture,2899
confid,2900
adequ,2901
michel,2902
mine,2903
simplici,2904
erwin,2905
shall,2906
edison,2907
copernican,2908
eratosthen,2909
byju,2910
ker,2911
primal,2912
eq,2913
geograph,2914
gather,2915
reput,2916
advisor,2917
legendr,2918
justifi,2919
sole,2920
stamp,2921
scheme,2922
brian,2923
doctrin,2924
settl,2925
unless,2926
indetermin,2927
micro,2928
happi,2929
connor,2930
historia,2931
commerc,2932
dsa,2933
guest,2934
infograph,2935
subatom,2936
presidenti,2937
seriou,2938
dedekind,2939
catherin,2940
queen,2941
pack,2942
lens,2943
fine,2944
twin,2945
phrase,2946
approx,2947
strictli,2948
round,2949
spi,2950
transmit,2951
metallurg,2952
revolution,2953
norman,2954
ibm,2955
learner,2956
parallelogram,2957
cardano,2958
australian,2959
genet,2960
jordan,2961
notescbs,2962
voltag,2963
logist,2964
angel,2965
dramat,2966
katherin,2967
instant,2968
deduc,2969
percent,2970
augustin,2971
lccn,2972
pull,2973
fortun,2974
tension,2975
insist,2976
murder,2977
admiss,2978
visibl,2979
fli,2980
oct,2981
edmund,2982
toss,2983
dyson,2984
transcendent,2985
sur,2986
slide,2987
fusion,2988
feasibl,2989
mizar,2990
compartment,2991
hardcov,2992
correctli,2993
layer,2994
televis,2995
disturb,2996
reson,2997
enlighten,2998
vienna,2999
