Mathematical formulation of quantum mechanics - Wikipedia,https://en.wikipedia.org/wiki/Mathematical_formulation_of_quantum_mechanics
Mathematical Concepts of Quantum Mechanics _ SpringerLink,https://link.springer.com/book/10.1007/978-3-642-21866-8
"
Quantum Theory and Mathematical Rigor (Stanford Encyclopedia of Philosophy)
",https://plato.stanford.edu/entries/qt-nvd/
What areas of math are required to learn quantum physics_ - Quora,https://www.quora.com/What-areas-of-math-are-required-to-learn-quantum-physics
Quanta Magazine,https://www.quantamagazine.org/the-mystery-at-the-heart-of-physics-that-only-math-can-solve-20210610/
[0810.3536] Guide to Mathematical Concepts of Quantum Theory,https://arxiv.org/abs/0810.3536
"Mathematical Concepts of Quantum Mechanics _ Gustafson, Stephen J., Sigal, Israel Michael_ Amazon.pl_ Książki",https://www.amazon.pl/Mathematical-Concepts-Quantum-Mechanics-Gustafson/dp/3642218652
8 Examples of How Statistics is Used in Real Life,https://www.statology.org/statistics-real-life-examples/
Application of Statistics in Real Life _ Overview & Examples - Lesson _ Study.com,https://study.com/academy/lesson/application-of-statistics-in-daily-life.html
The Importance of Applied Statistics in Our Daily Lives,https://onlinedegrees.mtu.edu/news/every-number-counts-importance-applied-statistics-our-daily-lives-infographic
Application of Statistics in Our Daily Life - Leverage Edu,https://leverageedu.com/blog/application-of-statistics/
Top 35+ Uses Of Statistics In Our Day to Day Life In 2023,https://statanalytica.com/blog/uses-of-statistics/
12 Applications of Statistics in Daily Life and Industry,https://www.intellspot.com/applications-of-statistics/
How do we use statistics in everyday life_ - Quora,https://www.quora.com/How-do-we-use-statistics-in-everyday-life
Uses of Statistics in Our Daily Life _ PDF _ Insurance _ Prediction,https://www.scribd.com/document/467724568/Uses-of-Statistics-in-our-daily-life
5 Examples of Statistical Information _ QuantHub,https://www.quanthub.com/what-are-examples-of-statistical-information-in-everyday-life/
The role of mathematics in algorithm design and analysis _ by Sachin Mhetre _ Medium,https://sachinmhetre678.medium.com/the-role-of-mathematics-in-algorithm-design-and-analysis-b7a8ccfd56ca
Mathematical Algorithms - GeeksforGeeks,https://www.geeksforgeeks.org/mathematical-algorithms/
Reddit - Dive into anything,https://www.reddit.com/r/math/comments/13u6ape/which_unsolved_problems_would_likely_have_the/
Algorithms and the Mathematical Foundations of Computer Science _ Gödel's Disjunction_ The scope and limits of mathematical knowledge _ Oxford Academic,https://academic.oup.com/book/40047/chapter/340575385
What math goes behind algorithms and where can I learn it_ - Quora,https://www.quora.com/What-math-goes-behind-algorithms-and-where-can-I-learn-it
The Role of Mathematics in Coding_ Unlocking the Power of Algorithms,https://www.linkedin.com/pulse/role-mathematics-coding-unlocking-power-algorithms-malathy-saranya
"
Von Neumann and the Development of Game Theory
",https://cs.stanford.edu/people/eroberts/courses/soco/projects/1998-99/game-theory/neumann.html
Game theory - Wikipedia,https://en.wikipedia.org/wiki/Game_theory
John von Neumann’s Game Theory _ SpringerLink,https://link.springer.com/chapter/10.1007/978-1-4612-1654-4_6
"Game theory - Von Neumann, Morgenstern, Theory _ Britannica",https://www.britannica.com/science/game-theory/The-von-Neumann-Morgenstern-theory
Concept Of The Game Theory – John Von Neumann,https://www.communicationtheory.org/concept-of-the-game-theory-john-von-neumann/
John von Neumann - Econlib,https://www.econlib.org/library/Enc/bios/Neumann.html
John von Neumann - Wikipedia,https://en.wikipedia.org/wiki/John_von_Neumann
Amazon.com,https://www.amazon.com/Srinivasa-Ramanujan-Natural-Mathematical-Swayambhu/dp/9811604460
Mathematical economics - Wikipedia,https://en.wikipedia.org/wiki/Mathematical_economics
The Role of Mathematics in Economic Theory and Analysis _ Algor Cards,https://cards.algoreducation.com/en/content/nuLucJ6x/mathematics-in-economic-theory
Economic Models_ Economic Models and Math _ Saylor Academy,https://learn.saylor.org/mod/book/view.php?id=31472&chapterid=7737
Role of Mathematics in Economics - Role of Mathematics in Economics Mathematical economics is the - Studocu,https://www.studocu.com/in/document/university-of-kerala/mathematical-economics/role-of-mathematics-in-economics/36743056
"Mathematical Economics_ Definition, Uses, and Criticisms",https://www.investopedia.com/terms/m/mathematical-economics.asp
The Vital Role of Mathematics in Economics _ by Dr. Jason L. Benskin _ The Modern Scientist _ Medium,https://medium.com/the-modern-scientist/the-vital-role-of-mathematics-in-economics-2167451bb7b6
What is the importance of mathematics in economics_ What concepts in mathematics are involved in studying economics_ - Quora,https://www.quora.com/What-is-the-importance-of-mathematics-in-economics-What-concepts-in-mathematics-are-involved-in-studying-economics
"Mathematical Economics - Definition, What is Mathematical Economics, Advantages of Mathematical Economics, and Latest News - ClearTax",https://cleartax.in/glossary/mathematical-economics/
Euclid's Elements - Wikipedia,https://en.wikipedia.org/wiki/Euclid%27s_Elements
Euclid’s Enduring Influence on Geometry _ by Merry Janson _ Cantor’s Paradise,https://www.cantorsparadise.com/euclids-enduring-influence-on-geometry-fe10540ce971
"Euclid's Elements, Introduction",http://aleph0.clarku.edu/~djoyce/java/elements/elements.html
"Elements _ Euclid, Axioms, & Facts _ Britannica",https://www.britannica.com/topic/Elements-by-Euclid
Euclidean geometry - Wikipedia,https://en.wikipedia.org/wiki/Euclidean_geometry
"Euclid of Alexandria, An Influence That Spans Millennia _ Elephant Learning",https://www.elephantlearning.com/post/euclid-of-alexandria-an-influence-that-spans-millennia
Elements of Euclid_ The Father of Geometry,https://unacademy.com/content/upsc/study-material/general-awareness/elements-of-euclid-the-father-of-geometry/
"Euclid - Geometry, Elements, Mathematics _ Britannica",https://www.britannica.com/biography/Euclid-Greek-mathematician/Renditions-of-the-Elements
Euclid’s Elements - Maths from the Past,https://maths-from-the-past.org/euclids-elements/
Babylonian and egyptian mathematics _ PPT,https://www.slideshare.net/slideshow/babylonian-and-egyptian-mathematics/82377511
2.2_ Babylon and Egypt - Physics LibreTexts,https://phys.libretexts.org/Courses/HACC_Central_Pennsylvania%27s_Community_College/Astronomy_103%3A_Introduction_to_Planetary_Astronomy/02%3A_Ancient_Astronomy/2.02%3A_Babylon_and_Egypt
History of mathematics - Wikipedia,https://en.wikipedia.org/wiki/History_of_mathematics
"Mathematics - Ancient Sources, History, Culture _ Britannica",https://www.britannica.com/science/mathematics/Ancient-mathematical-sources
Unexpected Links between Egyptian and Babylonian Mathematics _ Mathematical Association of America,https://maa.org/press/periodicals/convergence/unexpected-links-between-egyptian-and-babylonian-mathematics
"Ancient Mathematics_ Egyptians, Babylonians, Greeks _ SchoolWorkHelper",https://schoolworkhelper.net/ancient-mathematics-egyptians-babylonians-greeks/
Why did ancient civilizations like Egypt and Babylonia use base-sixty in their math systems_ - Quora,https://www.quora.com/Why-did-ancient-civilizations-like-Egypt-and-Babylonia-use-base-sixty-in-their-math-systems
9 Famous Female Mathematicians Who Have Changed The World,https://thirdspacelearning.com/blog/famous-female-mathematicians/
Great Women of Mathematics _ Women Who Figure  - Spotlight exhibits at the UC Berkeley Library,https://exhibits.lib.berkeley.edu/spotlight/women-who-figure/feature/great-women-of-mathematics
11 Famous Women Mathematicians and Their Incredible Contributions! — Mashup Math,https://www.mashupmath.com/blog/famous-women-mathematicians
Five Historic Female Mathematicians You Should Know _ Smithsonian,https://www.smithsonianmag.com/science-nature/five-historic-female-mathematicians-you-should-know-100731927/
Timeline of women in mathematics - Wikipedia,https://en.wikipedia.org/wiki/Timeline_of_women_in_mathematics
5 Famous Female Mathematicians You Should Know - Maths-Whizz,https://whizz.com/blog/5-famous-female-mathematicians-you-should-know/
List of 100+ Famous Female Mathematicians,https://www.ranker.com/list/famous-female-mathematicians/reference
5 Trailblazing Female Mathematicians _ HowStuffWorks,https://science.howstuffworks.com/math-concepts/5-trailblazing-female-mathematicians.htm
List of women in mathematics - Wikipedia,https://en.wikipedia.org/wiki/List_of_women_in_mathematics
"Pythagoras _ Biography, Philosophy, & Facts _ Britannica",https://www.britannica.com/biography/Pythagoras
"
      Pythagoras  (570 BC - 490 BC) - Biography - MacTutor History of Mathematics
    ",https://mathshistory.st-andrews.ac.uk/Biographies/Pythagoras/
Pythagoras - Wikipedia,https://en.wikipedia.org/wiki/Pythagoras
"Pythagoras _ Biography, Facts & Impact _ Study.com",https://study.com/learn/lesson/pythagoras-history-facts.html
"Pythagoras - Simple English Wikipedia, the free encyclopedia",https://simple.wikipedia.org/wiki/Pythagoras
"Pythagoras_ Biography, death, theorem, contributions, trigonometry, who was, mathematician - Javatpoint",https://www.javatpoint.com/pythagoras-biography
Biography of Pythagoras - math word definition  - Math Open Reference,https://www.mathopenref.com/pythagoras.html
Pythagoras of Samos Biography,https://www.thoughtco.com/pythagoras-biography-3072241
"Applications of Differential Equations_ Types of DE, ODE, PDE.",https://testbook.com/maths/applications-of-differential-equations
Applications of differential equation in Physics and Biology _ PPT,https://www.slideshare.net/slideshow/applications-of-differential-equation-in-physics-and-biology/232004571
17.3_ Applications of Second-Order Differential Equations - Mathematics LibreTexts,https://math.libretexts.org/Bookshelves/Calculus/Calculus_(OpenStax)/17%3A_Second-Order_Differential_Equations/17.03%3A_Applications_of_Second-Order_Differential_Equations
What are the applications of differential equations in physics_ - Quora,https://www.quora.com/What-are-the-applications-of-differential-equations-in-physics
Applications Of Differential Equations - FasterCapital,https://fastercapital.com/topics/applications-of-differential-equations.html
Differential Equations Applications – Significance and Types ,https://www.vedantu.com/maths/differential-equations-applications
Applications Of Prime Numbers In Cryptography And Computer Science - FasterCapital,https://fastercapital.com/topics/applications-of-prime-numbers-in-cryptography-and-computer-science.html
Why Prime Numbers are used in Cryptography_ - GeeksforGeeks,https://www.geeksforgeeks.org/why-prime-numbers-are-used-in-cryptography/
Prime numbers keep your encrypted messages safe — here's how - ABC News,https://www.abc.net.au/news/science/2018-01-20/how-prime-numbers-rsa-encryption-works/9338876
Why are primes important for encryption - Cryptography Stack Exchange,https://crypto.stackexchange.com/questions/20867/why-are-primes-important-for-encryption
How Are Prime Numbers Used In Cryptography_ » ScienceABC,https://www.scienceabc.com/innovation/how-are-prime-numbers-used-in-cryptography.html
Prime Numbers in Cryptography,https://www.linkedin.com/pulse/prime-numbers-cryptography-ashok-hegde
Why are primes important in cryptography_ - Stack Overflow,https://stackoverflow.com/questions/439870/why-are-primes-important-in-cryptography
Mathematical Models in Infectious Disease Epidemiology - PMC,https://www.ncbi.nlm.nih.gov/pmc/articles/PMC7150075/
Mathematical modelling of infectious diseases - Wikipedia,https://en.wikipedia.org/wiki/Mathematical_modelling_of_infectious_diseases
Mathematical Models in Epidemiology _ SpringerLink,https://link.springer.com/book/10.1007/978-1-4939-9828-9
Mathematics _ Free Full-Text _ Mathematical Modeling and the Use of Network Models as Epidemiological Tools,https://www.mdpi.com/2227-7390/10/18/3347
What is epidemiological modelling and what is it used for_,https://www.covid19modelling.ac.nz/what-is-epidemiological-modelling/
Mathematical Modeling of the Infectious Diseases_ Key Concepts and Applications,https://clinmedjournals.org/articles/jide/journal-of-infectious-diseases-and-epidemiology-jide-7-209.php?jid=jide
Hypatia of Alexandria _ Life _ Contribution_ Death,https://www.cuemath.com/learn/mathematics/geometry-hypatia-of-alexandria/
Hypatia of Alexandria_ Last but not Least _ ORIGO Education,https://www.origoeducation.com.au/blog/hypatia-of-alexandria-last-but-not-least/
Hypatia's Mathematics _ The Engines of Our Ingenuity,https://engines.egr.uh.edu/episode/215
The Mathematical Contributions of Hellenistic Neoplatonist Philosopher Hypatia - Design Dash,https://designdash.com/2024/03/02/the-mathematical-contributions-of-hellenistic-neoplatonist-philosopher-hypatia/
"
      Hypatia  (370 - 415) - Biography - MacTutor History of Mathematics
    ",https://mathshistory.st-andrews.ac.uk/Biographies/Hypatia/
Hypatia,https://mathwomen.agnesscott.org/women/hypatia.htm
Hypatia the Mathematician,https://cs.appstate.edu/sjg/ncctm/activities/hypatia/hypatia.htm
Hypatia - Wikipedia,https://en.wikipedia.org/wiki/Hypatia
"Hypatia _ Death, Facts, & Biography _ Britannica",https://www.britannica.com/biography/Hypatia
What is Topology_ _ Pure Mathematics,https://uwaterloo.ca/pure-mathematics/about-pure-math/what-is-pure-math/what-is-topology
math history - How (or why) did Topology become so central to modern mathematics_ - Mathematics Stack Exchange,https://math.stackexchange.com/questions/1819970/how-or-why-did-topology-become-so-central-to-modern-mathematics
Topology - Wikipedia,https://en.wikipedia.org/wiki/Topology
How Is Topology Applicable to the Real World_ - Ideas _ Institute for Advanced Study,https://www.ias.edu/ideas/2015/macpherson-topology-video
Applications of Topology _ Real Life Uses & Applications,https://www.geeksforgeeks.org/applications-of-topology/
Topology_ Bridging the Gap Between Geometry and Analysis,https://www.linkedin.com/pulse/topology-bridging-gap-between-geometry-analysis-nivetha-ravichandran-stpuc
What are the applications of General Topology_ - Quora,https://www.quora.com/What-are-the-applications-of-General-Topology
How important is topology for modern mathematics_,https://www.physicsforums.com/threads/how-important-is-topology-for-modern-mathematics.520435/
Pi - Wikipedia,https://en.wikipedia.org/wiki/Pi
A Brief History of Pi (π) _ Exploratorium,https://www.exploratorium.edu/pi/history-of-pi
"Pi _ Definition, Symbol, Number, & Facts _ Britannica",https://www.britannica.com/science/pi-mathematics
Number Pi Ï_ The History and main Names _ OpenMind,https://www.bbvaopenmind.com/en/science/mathematics/history-of-number-pi/
A brief history of pi – The Varsity,https://thevarsity.ca/2022/03/13/pi-day-2022/
"What Is Pi, and How Did It Originate_ _ Scientific American",https://www.scientificamerican.com/article/what-is-pi-and-how-did-it-originate/
The History of Pi and Why You Should Celebrate! - STEM Supplies,https://blog.stem-supplies.com/the-history-of-pi-and-why-you-should-celebrate/
What is the history of number pi_,https://www.matematica.pt/en/faq/history-number-pi.php
What are the Origins of the Value of Pi (π) around the World_ ,https://www.vedantu.com/blog/history-of-pi-from-ancient-to-modern-times
abstract algebra - What is the overall idea of Galois theory_ - Mathematics Stack Exchange,https://math.stackexchange.com/questions/1002468/what-is-the-overall-idea-of-galois-theory
Galois theory - Wikipedia,https://en.wikipedia.org/wiki/Galois_theory
Can you explain Galois theory and its impact on mathematics and science_ - Quora,https://www.quora.com/Can-you-explain-Galois-theory-and-its-impact-on-mathematics-and-science
"
      Summary - The development of Galois theory - Projects - MacTutor History of Mathematics
    ",https://mathshistory.st-andrews.ac.uk/Projects/Brunk/chapter-5/
"
						ELEMENTS OF THE GALOIS THEORY IN CRYPTOGRAPHIC APPLICATIONS IN THE NATIONAL SECURITY SYSTEM
					
	","https://sbn.wat.edu.pl/ELEMENTY-TEORII-GALOIS-W-ZASTOSOWANIACH-KRYPTOGRAFICZNYCH-W-SYSTEMIE-BEZPIECZENSTWA,129834,0,2.html"
Galois Theory_ Foundations & Applications _ StudySmarter,https://www.studysmarter.co.uk/explanations/math/calculus/galois-theory/
teaching - Is Galois theory necessary (in a basic graduate algebra course)_ - MathOverflow,https://mathoverflow.net/questions/34125/is-galois-theory-necessary-in-a-basic-graduate-algebra-course
[1108.4593] Galois Theory without abstract algebra,https://arxiv.org/abs/1108.4593
Computer Graphics as an application of linear algebra _ _ by Aleena raza _ Medium,https://medium.com/@bsm.maths20.69/computer-graphics-as-an-application-of-linear-algebra-40e6ed6f5b8b
APPLICATIONS OF LINEAR ALGEBRA AND GEOMETRY IN THE FIELD OF COMPUTER SCIENCE _ by Sheeban Ali _ Medium,https://medium.com/@sheebanali/applications-of-linear-algebra-and-geometry-in-the-field-of-computer-science-0a43b8594758
"Computer Graphics — Linear Algebra, Geometry, and Computation",https://mcrovella.github.io/CS132-Geometric-Algorithms/L13ComputerGraphics.html
What are the applications of linear algebra in computer science_ - Quora,https://www.quora.com/What-are-the-applications-of-linear-algebra-in-computer-science
"Introduction to Computer Graphics, Section 3.5 -- Some Linear Algebra",https://math.hws.edu/eck/cs424/graphicsbook-1.3/c3/s5.html
Applications to Computer Graphics - Calcworkshop,https://calcworkshop.com/matrix-algebra/applications-to-computer-graphics/
"Sophie Germain _ Biography, Education, Facts, & Death _ Britannica",https://www.britannica.com/biography/Sophie-Germain
"Sophie Germain – Wikipedia, wolna encyklopedia",https://pl.wikipedia.org/wiki/Sophie_Germain
The life and work of Sophie Germain _ Mathematische Semesterberichte,https://link.springer.com/article/10.1007/s00591-003-0066-x
Sophie Germain - Wikipedia,https://en.wikipedia.org/wiki/Sophie_Germain
"
      Sophie Germain  (1776 - 1831) - Biography - MacTutor History of Mathematics
    ",https://mathshistory.st-andrews.ac.uk/Biographies/Germain/
Sophie Germain_ Revolutionary Mathematician _ Enbook,https://www.enbook.pl/9783030383749
Sophie Germain,https://mathwomen.agnesscott.org/women/germain.htm
Sophie GERMAIN,https://scientificwomen.net/women/germain-sophie-39
Study.com - World's Most Puzzling Unsolved Math Problems,https://study.com/resources/unsolved-math-problems.html
List of unsolved problems in mathematics - Wikipedia,https://en.wikipedia.org/wiki/List_of_unsolved_problems_in_mathematics
Unsolved Problems -- from Wolfram MathWorld,https://mathworld.wolfram.com/UnsolvedProblems.html
The Millennium Prize Problems - Clay Mathematics Institute,https://www.claymath.org/millennium-problems/
Millennium Prize Problems - Wikipedia,https://en.wikipedia.org/wiki/Millennium_Prize_Problems
10 Hard Math Problems That May Never Be Solved,https://www.popularmechanics.com/science/math/g29251596/impossible-math-problems/
What are some famous mathematical problems that were never solved by any human being in history_ What are they called and why haven't they been solved yet_ - Quora,https://www.quora.com/What-are-some-famous-mathematical-problems-that-were-never-solved-by-any-human-being-in-history-What-are-they-called-and-why-havent-they-been-solved-yet
6 Deceptively Simple Maths Problems That No One Can Solve _ ScienceAlert,https://www.sciencealert.com/6-simple-maths-problem-that-no-one-can-solve
Fractals - How Chaos Theory Works _ HowStuffWorks,https://science.howstuffworks.com/math-concepts/chaos-theory6.htm
What is Chaos Theory_ – Fractal Foundation,https://fractalfoundation.org/resources/what-is-chaos-theory/
Fractals and Chaos Theory,https://fractalerts.com/blog/fractals-and-chaos-theory
Unraveling the Beauty of Fractals and Chaos Theory in Mathematics,https://finchsnest.com/unraveling-the-beauty-of-fractals-and-chaos-theory-in-mathematics/
Chaos theory - Wikipedia,https://en.wikipedia.org/wiki/Chaos_theory
How are chaos and fractals related in the field of Mathematics_ - Quora,https://www.quora.com/How-are-chaos-and-fractals-related-in-the-field-of-Mathematics
René Descartes - Wikipedia,https://en.wikipedia.org/wiki/Ren%C3%A9_Descartes
"
Descartesâ Mathematics (Stanford Encyclopedia of Philosophy)
",https://plato.stanford.edu/entries/descartes-mathematics/
The Outstanding Achievements of the Renowned Mathematician René Descartes!,https://www.byjusfutureschool.com/blog/the-outstanding-achievements-of-the-renowned-mathematician-rene-descartes/
Descartes and the Rebirth of Geometry _ OpenMind,https://www.bbvaopenmind.com/en/science/mathematics/descartes-and-the-rebirth-of-geometry/
Rene Descartes_ Contributions & Achievements - Lesson _ Study.com,https://study.com/academy/lesson/rene-descartes-contributions-achievements.html
Rene Descartes _ Father of Modern Philosophy,https://www.cuemath.com/learn/rene-descartes/
"What were Rene Descartes' most important contributions to modern science, mathematics, and philosophy_ - Quora",https://www.quora.com/What-were-Rene-Descartes-most-important-contributions-to-modern-science-mathematics-and-philosophy
Rene Descartes' Math Contributions Lesson for Kids_ Biography & Facts - Lesson _ Study.com,https://study.com/academy/lesson/rene-descartes-math-contributions-lesson-for-kids-biography-facts.html
"Rene Descartes _ Biography, Ideas, Philosophy, ‘I Think, Therefore I Am,’ & Facts _ Britannica",https://www.britannica.com/biography/Rene-Descartes
A (very) brief history of infinity - Polytechnique Insights,https://www.polytechnique-insights.com/en/columns/space/how-to-understand-infinity-in-three-steps/
Infinity - Wikipedia,https://en.wikipedia.org/wiki/Infinity
"The History of Infinity ♾️. No, this is not about Thanos! _ by Zainab Mosunmola _ Medium",https://zainabmosunmola.medium.com/the-history-of-infinity-%EF%B8%8F-709a291c61f6
"
      Infinity - MacTutor History of Mathematics
    ",https://mathshistory.st-andrews.ac.uk/HistTopics/Infinity/
"Infinity _ Definition, Symbol, & Facts _ Britannica",https://www.britannica.com/science/infinity-mathematics
A Brief History of Infinities,https://www.popularmechanics.com/science/a9006/a-brief-history-of-infinities-15551427/
Magazine of the Institute of Actuaries of India,https://www.theactuaryindia.org/trivia/history-of-infinity
Infinity symbol - Wikipedia,https://en.wikipedia.org/wiki/Infinity_symbol
What is the origin of the concept of 'infinity' in mathematics_ Is it a theoretical construct or does it have its own properties like other numbers_ - Quora,https://www.quora.com/What-is-the-origin-of-the-concept-of-infinity-in-mathematics-Is-it-a-theoretical-construct-or-does-it-have-its-own-properties-like-other-numbers
Graph Theory and Network Analysis in Data Science,https://www.linkedin.com/pulse/graph-theory-network-analysis-data-science-malaviarachchi-7wagc
Graph Theory Network Analysis  _ Tom Sawyer Software,https://blog.tomsawyer.com/applying-graph-theory-network-analysis
Applications of Graph Theory in Real Life _ Uses & Applications,https://www.geeksforgeeks.org/applications-of-graph-theory/
The Power of Graph Theory in Network Analysis _ by Yazan Mash'Al _ Medium,https://medium.com/@YazanMashal/the-power-of-graph-theory-in-network-analysis-dfa71af9dfc6
"The Mathematics of Music_ Understanding Rhythms, Harmonies, and Frequencies - The Network",https://tothenetwork.com/the-mathematics-of-music-understanding-rhythms-harmonies-and-frequencies/
"The Mathematics of Music_ Harmonies, Frequencies, and Musical Structures _ by Lutfi Nurfauzi _ Medium",https://medium.com/@tamkot70/the-mathematics-of-music-harmonies-frequencies-and-musical-structures-98a3a732917d
Musical Harmony - Music and Math,https://www.asa3.org/ASA/education/teach/harmony-cr.htm
"Music and Maths_ A Harmony of Numbers and Melodies _ by Ciaran Connolly _ May, 2024 _ Medium",https://medium.com/@ciaranpconnolly/music-and-maths-a-harmony-of-numbers-and-melodies-85d5d9d432b1
Music Math Harmony – Math Fun Facts,https://math.hmc.edu/funfacts/music-math-harmony/
The Mathematics of Music and Harmonics _ PDF _ Harmonic _ Interval (Music),https://www.scribd.com/document/183016679/The-Mathematics-of-Music-and-Harmonics
M+ML 2023,https://sites.google.com/view/m-ml-sydney/home
[2303.15464] Mathematical Challenges in Deep Learning,https://arxiv.org/abs/2303.15464
Zanim przejdziesz do YouTube,https://www.youtube.com/playlist?list=PLtmvIY4GrVv_3ZIRiE4ModG9K0CEyncLK
researchseminars.org - View series  ,https://researchseminars.org/seminar/MathematicalChallengesAI
4 Current Challenges and Barriers _ Artificial Intelligence to Assist Mathematical Reasoning_ Proceedings of a Workshop _ The National Academies Press,https://nap.nationalacademies.org/read/27241/chapter/5
Artificial Intelligence – Research Challenges for Mathematicians,https://bigmathnetwork.org/2022/01/24/artificial-intelligence-research-challenges-for-mathematicians/
Mathematical Challenges for Machine Learning and Artificial Intelligence _ Research,https://research.njit.edu/mathematical-challenges-machine-learning-and-artificial-intelligence
research - What sort of mathematical problems are there in AI that people are working on_ - Artificial Intelligence Stack Exchange,https://ai.stackexchange.com/questions/12971/what-sort-of-mathematical-problems-are-there-in-ai-that-people-are-working-on
"Srinivasa Ramanujan – Wikipedia, wolna encyklopedia",https://pl.wikipedia.org/wiki/Srinivasa_Ramanujan
Srinivasa Ramanujan - Wikipedia,https://en.wikipedia.org/wiki/Srinivasa_Ramanujan
"Srinivasa Ramanujan _ Biography, Contributions, & Facts _ Britannica",https://www.britannica.com/biography/Srinivasa-Ramanujan
"Srinivasa Ramanujan_ Life and Work of a Natural Mathematical Genius, Swayambhu _ Enbook",https://www.enbook.pl/srinivasa-ramanujan-life-and-work-of-a-natural-mathematical-genius-swayambhu
"Ramanujan_ The Man Who Knew Infinity _ India Science, Technology & Innovation - ISTI Portal",https://www.indiascienceandtechnology.gov.in/listingpage/ramanujan-man-who-knew-infinity
"
      Srinivasa Ramanujan  (1887 - 1920) - Biography - MacTutor History of Mathematics
    ",https://mathshistory.st-andrews.ac.uk/Biographies/Ramanujan/
"Srinivasa Ramanujan_ Life and Work of a Natural Mathematical Genius, Swayambhu - K. Srinivasa Rao - Google Książki",https://books.google.com/books?id=dcowEAAAQBAJ&printsec=copyright
Księgarnia internetowa swiatksiazki.pl z dostawą 0 zł do Księgarń Świat Książki,https://www.swiatksiazki.pl/friend-of-numbers-the-life-of-mathematician-srinivasa-ramanujan-incredible-lives-for-young-readers-7113077-ksiazka.html
Mathematics _ Free Full-Text _ Mathematical Modelling of Climate Change and Variability in the Context of Outdoor Ergonomics,https://www.mdpi.com/2227-7390/9/22/2920
Climate change_ How can maths help_ _ plus.maths.org,https://plus.maths.org/content/climate-change-how-can-maths-help
Mathematics of Climate Modeling _ SpringerLink,https://link.springer.com/book/10.1007/978-1-4612-4148-5
"Prime Numbers - Prime Numbers 1 to 100, Examples _ Prime Numbers List",https://www.cuemath.com/numbers/prime-numbers/
Prime number - Wikipedia,https://en.wikipedia.org/wiki/Prime_number
"Prime Numbers_ Definition, List, Properties, Types & Examples",https://testbook.com/maths/prime-numbers
"What are all the prime numbers_ _ Tutorax, the #1 tutoring service",https://tutorax.com/blogue/en/what-are-all-the-prime-numbers/
Prime Properties,https://www.mathsisfun.com/numbers/prime-properties.html
"Prime Numbers - Definition, Chart, Prime Numbers 1 to 1000, Examples",https://byjus.com/maths/prime-numbers/
BasicPropertiesPrimes,https://www.cs.cas.cz/portal/AlgoMath/NumberTheory/Sequences/Primes/BasicPropertiesPrimes.htm
What are the properties of a prime number_  - Mathematics Stack Exchange,https://math.stackexchange.com/questions/94838/what-are-the-properties-of-a-prime-number
"Prime Numbers_ Definition, Properties, and Practice Problems",https://www.eurokidsindia.com/blog/all-about-prime-numbers-definition-properties-and-practice-problems.php
Understanding the Properties of Numbers,https://www.linkedin.com/pulse/understanding-properties-numbers-exploring-prime-even-malaviarachchi-2xsqc
Category_Theorems in number theory - Wikipedia,https://en.wikipedia.org/wiki/Category:Theorems_in_number_theory
Theorem of the Day,https://www.theoremoftheday.org/Resources/SubjectListings/NumberTheory.html
"Famous Theorems of Mathematics_Number Theory - Wikibooks, open books for an open world",https://en.wikibooks.org/wiki/Famous_Theorems_of_Mathematics/Number_Theory
What are the most beautiful theorems in number theory_ - Quora,https://www.quora.com/What-are-the-most-beautiful-theorems-in-number-theory
"Number theory _ Definition, Topics, & History _ Britannica",https://www.britannica.com/science/number-theory
Reddit - Dive into anything,https://www.reddit.com/r/math/comments/u3av4q/what_is_your_favourite_number_theory_theorem/
List of theorems - Wikipedia,https://en.wikipedia.org/wiki/List_of_theorems
5_ Basic Number Theory - Mathematics LibreTexts,https://math.libretexts.org/Bookshelves/Combinatorics_and_Discrete_Mathematics/A_Spiral_Workbook_for_Discrete_Mathematics_(Kwong)/05%3A_Basic_Number_Theory
The Axiomatic System_ Definition & Properties - Lesson _ Study.com,https://study.com/academy/lesson/the-axiomatic-system.html
Axiomatic system - Wikipedia,https://en.wikipedia.org/wiki/Axiomatic_system
Axiomatic Systems,https://web.mnstate.edu/peil/geometry/C1AxiomSystem/AxiomaticSystems.htm
Foundations of geometry - Wikipedia,https://en.wikipedia.org/wiki/Foundations_of_geometry
Axiom Systems of Present-Day Mathematics,https://www.wolframscience.com/metamathematics/axiom-systems-of-present-day-mathematics/
"The Axiomatic System (Definition, Examples, & Video)",https://tutors.com/lesson/axiomatic-system-definition
Amazon.com,https://www.amazon.com/Principles-Mathematical-Analysis-International-Mathematics/dp/007054235X
Abstract algebra - Wikipedia,https://en.wikipedia.org/wiki/Abstract_algebra
A Friendly Introduction to Abstract Algebra,https://bookstore.ams.org/view?ProductCode=TEXT/72
Introduction to Abstract Algebra _ University of Cape Coast,https://ucc.edu.gh/content/introduction-abstract-algebra
Abstract Algebra_ An Introductory Course _ SpringerLink,https://link.springer.com/book/10.1007/978-3-319-77649-1
Exploring Advanced Euclidean Geometry with GeoGebra,https://www.cambridge.org/core/books/exploring-advanced-euclidean-geometry-with-geogebra/D6FD16AD2F97F8C70B46C9BDFD6FFA37
Exploring Advanced Euclidean Geometry with GeoGebra - Literatura obcojęzyczna - Ceny i opinie - Ceneo.pl,https://www.ceneo.pl/29203494
"Euclidean Geometry_ Principles, Theorems _ StudySmarter",https://www.studysmarter.co.uk/explanations/math/geometry/euclidean-geometry/
Exploring the Euclidean Geometry of the Triangle – GeoGebra,https://www.geogebra.org/m/hff2dwxq
Logic and Proof Techniques,https://tjyusun.com/mat202/sec-logic-and-proof-techniques
Mathematical Logic and Proofs - Mathematics LibreTexts,https://math.libretexts.org/Bookshelves/Mathematical_Logic_and_Proof
1. Introduction — Logic and Proof 3.18.4 documentation,https://leanprover.github.io/logic_and_proof/introduction.html
How are proof techniques formulated in mathematical logic_ - Mathematics Stack Exchange,https://math.stackexchange.com/questions/3816334/how-are-proof-techniques-formulated-in-mathematical-logic
Lec 1_ Logic and Proof Techniques _ B Sc First Year _ University of Delhi _ Elementary Algebra - YouTube,https://www.youtube.com/watch?v=0g_A_xPqvrM
Mathematical proof - Wikipedia,https://en.wikipedia.org/wiki/Mathematical_proof
6.7. Mathematical Proof Techniques — OpenDSA Data Structures and Algorithms Modules Collection,https://opendsa-server.cs.vt.edu/ODSA/Books/Everything/html/Proofs.html
Symbolic Logic and Proofs,https://discrete.openmathbooks.org/dmoi3/ch_logic.html
Principles of Mathematical Analysis - Wikipedia,https://en.wikipedia.org/wiki/Principles_of_Mathematical_Analysis
"Principles of Mathematical Analysis _ Rudin, Walter_ Amazon.pl_ Książki",https://www.amazon.pl/Principles-Mathematical-Analysis-Walter-Rudin/dp/007054235X
Empik.com,"https://www.empik.com/principles-of-mathematical-analysis-rudin-walter,p1122462794,ksiazka-p"
Principles of Mathematical Analysis - Walter Rudin - Google Książki,https://books.google.com/books/about/Principles_of_Mathematical_Analysis.html?id=kwqzPAAACAAJ
Zanim przejdziesz do YouTube,https://www.youtube.com/playlist?list=PLun8-Z_lTkC5HAjzXCLEx0gQkJZD4uCtJ
Principles of Mathematical Analysis,https://www.mheducation.co.in/principles-of-mathematical-analysis-9789355325969-india
Theory of equations - Wikipedia,https://en.wikipedia.org/wiki/Theory_of_equations
Understanding the Theory of Equations - Testbook.com,https://testbook.com/maths/theory-of-equations
Theory of Equations - Detailed Explanations with Solved Examples,https://byjus.com/jee/theory-of-equations/
Theory of Equations - Important Concepts and Tips for JEE ,https://www.vedantu.com/jee-main/maths-theory-of-equations
"Mathematics - Theory, Equations, Solutions _ Britannica",https://www.britannica.com/science/mathematics/Theory-of-equations
Outline of discrete mathematics - Wikipedia,https://en.wikipedia.org/wiki/Outline_of_discrete_mathematics
Discrete Mathematics - Introduction,https://www.tutorialspoint.com/discrete_mathematics/discrete_mathematics_introduction.htm
Topics in a Discrete Mathematics Course,https://mathworld.wolfram.com/classroom/classes/DiscreteMathematics.html
Selected Topics in Discrete Mathematics,https://wydawnictwo.kul.pl/matematyka/2214-selected-topics-in-discrete-mathematics.html
Discrete mathematics - Wikipedia,https://en.wikipedia.org/wiki/Discrete_mathematics
Discrete Mathematics Preparation – Computer Science,https://csci.williams.edu/discrete-mathematics-preparation/
Discrete Mathematics Tutorial - GeeksforGeeks,https://www.geeksforgeeks.org/discrete-mathematics-tutorial/
7 Major Branches of Discrete Mathematics _ Analytics Steps,https://www.analyticssteps.com/blogs/7-major-branches-discrete-mathematics
What type of content is covered in a discrete math class in a CS curriculum_ - Quora,https://www.quora.com/What-type-of-content-is-covered-in-a-discrete-math-class-in-a-CS-curriculum
"Discrete Mathematics - Topics, Applications and Examples",https://byjus.com/maths/discrete-mathematics/
Amazon.com,https://www.amazon.com/Exploring-Linear-Algebra-Mathematica-Mathematics/dp/1482241498
Foundations of Topology_ An Approach to Convenient Topology _ SpringerLink,https://link.springer.com/book/10.1007/978-94-010-0489-3
Foundations of Topology - C. Wayne Patty - Google Książki,https://books.google.com/books?id=FhTn0Vr8UOQC&printsec=copyright
Axiomatic foundations of topological spaces - Wikipedia,https://en.wikipedia.org/wiki/Axiomatic_foundations_of_topological_spaces
reference request - Foundations of topology - MathOverflow,https://mathoverflow.net/questions/236060/foundations-of-topology
"Foundations of Topology - Patty, C. Wayne_ 9780881339550 - AbeBooks",https://www.abebooks.com/9780881339550/Foundations-Topology-Patty-C-Wayne-0881339555/plp
[2201.09263] Exploring Differential Geometry in Neural Implicits,https://arxiv.org/abs/2201.09263
Exploring Differential Geometry in Neural Implicits,https://dsilvavinicius.github.io/differential_geometry_in_neural_implicits/
GitHub - dsilvavinicius_differential_geometry_in_neural_implicits,https://github.com/dsilvavinicius/differential_geometry_in_neural_implicits
Exploring differential geometry in neural implicits▪ _ Computers and Graphics,https://dl.acm.org/doi/10.1016/j.cag.2022.09.003
[PDF] Exploring differential geometry in neural implicits _ Semantic Scholar,https://www.semanticscholar.org/paper/d3883f555ed4c6a62a10d9a58259d2d19badfd1f
"Differential Geometry_ Curvature, Manifolds _ StudySmarter",https://www.studysmarter.co.uk/explanations/math/geometry/differential-geometry/
Combinatorial principles - Wikipedia,https://en.wikipedia.org/wiki/Combinatorial_principles
Empik.com,"https://www.empik.com/exploring-linear-algebra-labs-and-projects-with-matlab-r-opracowanie-zbiorowe,p1332046119,ksiazka-p"
Mathematics _ Combinatorics Basics - GeeksforGeeks,https://www.geeksforgeeks.org/mathematics-combinatorics-basics/
Principles of Combinatorics - Claude Berge - Google Książki,https://books.google.com/books/about/Principles_of_Combinatorics.html?id=FuftzwEACAAJ
"Principles And Techniques In Combinatorics by Chuan Chong Chen, Khee-meng Koh _ HodgesFiggis",https://www.hodgesfiggis.ie/book/principles-and-techniques-in-combinatorics/chuan-chong-chen/9789810211394
Introduction to group theory - Wikiversity,https://en.wikiversity.org/wiki/Introduction_to_group_theory
Group Theory _ Brilliant Math & Science Wiki,https://brilliant.org/wiki/group-theory-introduction/
Group theory - Wikipedia,https://en.wikipedia.org/wiki/Group_theory
Introduction to group theory_ Introduction _ OpenLearn - Open University,https://www.open.edu/openlearn/science-maths-technology/introduction-group-theory/content-section-0?intro=1
Ring theory - Wikipedia,https://en.wikipedia.org/wiki/Ring_theory
Ring Theory _ Brilliant Math & Science Wiki,https://brilliant.org/wiki/ring-theory/
Ring Theory_ Basics & Applications _ Vaia,https://www.vaia.com/en-us/explanations/math/pure-maths/ring-theory/
Ideal (ring theory) - Wikipedia,https://en.wikipedia.org/wiki/Ideal_(ring_theory)
9_ Introduction to Ring Theory - Mathematics LibreTexts,https://math.libretexts.org/Bookshelves/Abstract_and_Geometric_Algebra/Elementary_Abstract_Algebra_(Clark)/01%3A_Chapters/1.09%3A_Introduction_to_Ring_Theory
Understanding Ring Theory_ A Guide to Compassionate Support in Traumatic Child Loss _ SUDC Foundation,https://sudc.org/mens-mental-health-awareness-month-a-compassionate-approach-to-supporting-fathers-in-grief-2/
How to study for ring theory_ - Mathematics Stack Exchange,https://math.stackexchange.com/questions/1772791/how-to-study-for-ring-theory
"16.1_ Rings, Basic Definitions and Concepts - Mathematics LibreTexts",https://math.libretexts.org/Bookshelves/Combinatorics_and_Discrete_Mathematics/Applied_Discrete_Structures_(Doerr_and_Levasseur)/16%3A_An_Introduction_to_Rings_and_Fields/16.01%3A_Rings_Basic_Definitions_and_Concepts
Ring Theory _ Algor Cards,https://cards.algoreducation.com/en/content/AbjkLYi3/fundamentals-ring-theory
Field theory (psychology) - Wikipedia,https://en.wikipedia.org/wiki/Field_theory_(psychology)
"Field Theory Concepts_ Electromagnetic Fields. Maxwell’s Equations grad, curl, div. etc. Finite-Element Method. Finite-Difference Method. Charge Simulation Method. Monte Carlo Method _ SpringerLink",https://link.springer.com/book/10.1007/978-3-642-48941-9
Quantum field theory - Wikipedia,https://en.wikipedia.org/wiki/Quantum_field_theory
"Field theory _ Social Interaction, Cognitive Processes & Group Dynamics _ Britannica",https://www.britannica.com/science/field-theory-psychology
Field Theory_ Overview — Gestalt Therapy Blog,https://www.gestalttherapyblog.com/blog/field-theory-overview
Kurt Lewin's Field Theory_ Biography and Theories,https://www.verywellmind.com/kurt-lewin-biography-1890-1947-2795540
Kurt Lewin's Field theory of learning _ PPT,https://www.slideshare.net/slideshow/kurt-lewins-field-theory-of-learning/89196277
FIELD THEORIES IN SUMMARY,https://www.hawaii.edu/powerkills/DPF.CHAP6.HTM
"Field Theory - What is it_ Definition, Examples and More",https://www.kbmanage.com/concept/field-theory
Exploring Linear Algebra_ Labs and Projects with MATLAB® - 1st Editio,https://www.routledge.com/Exploring-Linear-Algebra-Labs-and-Projects-with-MATLABr/Arangala/p/book/9781138063495
Exploring Linear Algebra (Arangala Crista (Elon University North Carolina USA)) - Literatura obcojęzyczna - Ceny i opinie - Ceneo.pl,https://www.ceneo.pl/81410858
Exploring Linear Algebra_ Labs and Projects with Mathematica ® - 1st ,https://www.routledge.com/Exploring-Linear-Algebra-Labs-and-Projects-with-Mathematica-/Arangala/9781482241495
A Journey into Linear Algebra_ Exploring Linear Transformations _ by Renda Zhang _ Medium,https://rendazhang.medium.com/a-journey-into-linear-algebra-exploring-linear-transformations-5d8b00f36be8
Exploring Linear Algebra_ Labs and Projects with MATLAB - MATLAB & Simulink Books,https://www.mathworks.com/academia/books/exploring-linear-algebra-arangala.html
Essential Maths_ Exploring Linear Algebra - Math - BEGINNER - Skillsoft,https://www.skillsoft.com/course/essential-maths-exploring-linear-algebra-23da95d4-b1e2-46c7-a189-c9437f33de5c
"Exploring Linear Algebra with Python and NumPy
",https://www.linkedin.com/pulse/exploring-linear-algebra-python-numpy-rany-elhousieny-phd%E1%B4%AC%E1%B4%AE%E1%B4%B0
Vector space - Wikipedia,https://en.wikipedia.org/wiki/Vector_space
4.2 Vector spaces ‣ Chapter 4 Linear algebra ‣ MATH0005 Algebra 1‣ Chapter 4 Linear algebra ‣ MATH0005 Algebra 1,https://www.ucl.ac.uk/~ucahmto/0005_2023/Ch4.S2.html
"Vector space _ Linear Algebra, Basis & Dimension _ Britannica",https://www.britannica.com/science/vector-space
Vector spaces,https://web.mat.bham.ac.uk/R.W.Kaye/logic/vspaces
General vector spaces - Linear algebra _ Elevri,https://www.elevri.com/courses/linear-algebra/general-vector-spaces
"Vector Space Definition, Axioms & Examples - Lesson _ Study.com",https://study.com/academy/lesson/vector-spaces-definition-example.html
6_ Vector Spaces - Mathematics LibreTexts,https://math.libretexts.org/Bookshelves/Linear_Algebra/Linear_Algebra_with_Applications_(Nicholson)/06%3A_Vector_Spaces
Properties of Determinants _ Properties with Examples _ Determinants,https://www.geeksforgeeks.org/properties-of-determinants-of-matrices/
3.2_ Properties of Determinants - Mathematics LibreTexts,https://math.libretexts.org/Bookshelves/Linear_Algebra/A_First_Course_in_Linear_Algebra_(Kuttler)/03%3A_Determinants/3.02%3A_Properties_of_Determinants
"Determinants and Matrices (Definition, Types, Properties & Example)",https://byjus.com/maths/determinants-and-matrices/
"Matrices And Determinants - Definition, Difference, Properties, Examples, FAQs",https://www.cuemath.com/algebra/matrices-and-determinants/
Determinant - Wikipedia,https://en.wikipedia.org/wiki/Determinant
Properties of determinants  _ StudyPug,https://www.studypug.com/linear-algebra-help/properties-of-determinants
"Properties of Determinants - Explanation, Important Properties, Solved Examples and FAQs ",https://www.vedantu.com/maths/properties-of-determinants
Properties of Determinants - Differentiation and Integration of Determinants,https://byjus.com/jee/properties-of-determinants/
Properties of the determinant,https://www.statlect.com/matrix-algebra/determinant-properties
List of functional analysis topics - Wikipedia,https://en.wikipedia.org/wiki/List_of_functional_analysis_topics
Topics in Functional Analysis _ SpringerLink,https://link.springer.com/chapter/10.1007/0-8176-4442-3_4
Selected topics in functional analysis - University of Warsaw,https://informatorects.uw.edu.pl/en/courses/view?prz_kod=1000-135ZAF
Functional analysis - Wikipedia,https://en.wikipedia.org/wiki/Functional_analysis
Current Trends and Topics in Functional Analysis,https://www.linkedin.com/advice/0/what-some-current-trends-research-topics-functional
Differential equation - Wikipedia,https://en.wikipedia.org/wiki/Differential_equation
The Theory of Differential Equations_ Classical and Qualitative _ SpringerLink,https://link.springer.com/book/10.1007/978-1-4419-5783-2
Measure Theory_ Fundamentals & Applications _ StudySmarter,https://www.studysmarter.co.uk/explanations/math/calculus/measure-theory/
Measure Theory Basics,https://www.stat.berkeley.edu/~wfithian/courses/stat210a/measure-theory-basics.html
What is measure theory in layman's terms_ - Quora,https://www.quora.com/What-is-measure-theory-in-laymans-terms
Demystifying measure-theoretic probability theory (part 1_ probability spaces) - Matthew N. Bernstein,https://mbernste.github.io/posts/measure_theory_1/
Reddit - Dive into anything,https://www.reddit.com/r/learnmath/comments/u6zw6h/can_someone_explain_me_what_is_the_measure_theory/
Measure Theory 1.1 _ Definition and Introduction - YouTube,https://www.youtube.com/watch?v=nShR9ftwRCk
An Introduction to Ergodic Theory _ SpringerLink,https://link.springer.com/book/9780387951522
Amazon.com,https://www.amazon.com/Principles-Algebraic-Geometry-Phillip-Griffiths/dp/0471050598
Exploring Graph Theory_ Connections and Relationships,https://www.toolify.ai/ai-news/exploring-graph-theory-connections-and-relationships-9867
Exploring Network Analysis_ An Introduction To Graph Theory Algorithms and How They’re Used In Geospatial Analysis _ by Tanner Overcash _ Medium,https://medium.com/@tanner.overcash/exploring-network-analysis-an-introduction-to-graph-theory-algorithms-and-how-theyre-used-in-f7f4854654c
Exploring Graph Theory Withâ¦  by David Amos [PDF_iPad_Kindle],https://leanpub.com/exploring-graph-theory-with-julia
"The Secrets of Graph Theory_ Explore Mazes, Networks & More",https://www.learninternetgrow.com/learning-graph-theory-mazes-complex-networks/
Exploring Graph Theory with NetworkX_ An In-Depth Guide _ by Syed Hamed Raza _ Level Up Coding,https://levelup.gitconnected.com/exploring-graph-theory-with-networkx-an-in-depth-guide-3a4160d6c293
Zanim przejdziesz do YouTube,https://www.youtube.com/shorts/J0JtXHX2f1k
Exploring Graph Theory - Survey Ideas _ Startquestion,https://www.startquestion.com/survey-ideas/exploring-graph-theory/
Graph Theory Network Analysis  _ Tom Sawyer Software,https://blog.tomsawyer.com/applying-graph-theory-network-analysis
"Principles of Algebraic Geometry - Phillip Griffiths, Joseph Harris - Google Książki",https://books.google.com/books/about/Principles_of_Algebraic_Geometry.html?id=-01YBAAAQBAJ
Principles of Algebraic Geometry _ Wiley,https://www.wiley.com/en-au/Principles+of+Algebraic+Geometry-p-9780471050599
Algebraic Geometry P_ 52 _ Griffiths_ Amazon.pl_ Książki,https://www.amazon.pl/Principles-Algebraic-Geometry-Phillip-Griffiths/dp/0471050598
reference request - What are some alternatives to Griffiths Harris 'Principles of algebraic geometry_ chapters 0 and 1_ - Mathematics Stack Exchange,https://math.stackexchange.com/questions/3888577/what-are-some-alternatives-to-griffiths-harris-principles-of-algebraic-geometry
"Principles of Algebraic Geometry - Griffiths, Phillip; Harris, Joseph_ 9780471050599 - AbeBooks",https://www.abebooks.com/9780471050599/Principles-Algebraic-Geometry-Griffiths-Phillip-0471050598/plp
Bookstore - ABE-IPS,https://www.abe.pl/en/book/9780471050599/principles-of-algebraic-geometry
Outline of category theory - Wikipedia,https://en.wikipedia.org/wiki/Outline_of_category_theory
Category theory - Wikipedia,https://en.wikipedia.org/wiki/Category_theory
soft question - What's there to do in category theory_ - MathOverflow,https://mathoverflow.net/questions/287334/whats-there-to-do-in-category-theory
Home,https://sites.google.com/view/tict2020/home
"
      category theory in nLab
  ",https://ncatlab.org/nlab/show/category+theory
"
Category Theory (Stanford Encyclopedia of Philosophy)
",https://plato.stanford.edu/entries/category-theory/
Topics in Category Theory - UNT Digital Library,https://digital.library.unt.edu/ark:/67531/metadc663720/
Department of Computer Science and Technology – Course pages 2023–24_ Advanced Topics in Category Theory,https://www.cl.cam.ac.uk/teaching/2324/L118/
[2208.11199] A Beginner's Guide to Homological Algebra_ A Comprehensive Introduction for Students,https://arxiv.org/abs/2208.11199
Homological algebra - Wikipedia,https://en.wikipedia.org/wiki/Homological_algebra
What is homological algebra_ What are its applications in mathematics and reality_ - Quora,https://www.quora.com/What-is-homological-algebra-What-are-its-applications-in-mathematics-and-reality
"
      Introduction to Homological Algebra in Schreiber
  ",https://ncatlab.org/schreiber/show/Introduction+to+Homological+Algebra
Algebraic topology - Wikipedia,https://en.wikipedia.org/wiki/Algebraic_topology
Fundamentals of Algebraic Topology _ SpringerLink,https://link.springer.com/book/10.1007/978-1-4939-1844-7
What is Algebraic Topology_,https://people.math.rochester.edu/faculty/jnei/algtop.html
Amazon.com,https://www.amazon.com/Handbook-Algebraic-Topology-I-M-James/dp/0444817794
Differential topology - Wikiversity,https://en.wikiversity.org/wiki/Differential_topology
Differential topology - Wikipedia,https://en.wikipedia.org/wiki/Differential_topology
"
      differential topology in nLab
  ",https://ncatlab.org/nlab/show/differential+topology
"Differential Topology_ Basics, Applications _ Vaia",https://www.vaia.com/en-us/explanations/math/geometry/differential-topology/
Differential Topology_ Essential Concepts Explained,https://www.physicsforums.com/threads/differential-topology-essential-concepts-explained.331728/
Differential Topology_ Exploring the Properties of Differentiable Manifolds and Maps _ Algor Cards,https://cards.algoreducation.com/en/content/dQ1glBgu/differential-topology-overview
Differential form - Wikipedia,https://en.wikipedia.org/wiki/Differential_form
Intro to differential forms (part 1) - YouTube,https://www.youtube.com/watch?v=M5wrnwlm8lw
